Name,Scopus_ID,Scopus_name
AARON TORNELL,6701633195,"Tornell, Aarón"
AART KRAAY,55945872300,"Kraay, Aart C."
ADLAI FISHER,7403452081,"Fisher, Adlai J."
ADRIANO RAMPINI,8334190300,"Rampini, Adriano A."
ADRIEN VERDELHAN,22235492700,"Verdelhan, Adrien"
ALAN HESTON,6506811511,"Heston, Alan W."
ALAN STOCKMAN,7006086543,"Stockman, Alan C."
ALBERT SAIZ,36194313500,"Saiz, Albert"
ALEX EDMANS,18633766100,"Edmans, Alex"
ALEXANDER MICHAELIDES,7005609563,"Michaelides, Alexander"
ALVIN MURPHY,35789143100,"Murphy, Alvin D."
AMARTYA LAHIRI,7102451433,"Lahiri, Amartya"
AMIL PETRIN,7003989088,"Petrin, Amil"
AMIR SUFI,16048547000,"Sufi, Amir"
AMIR YARON,7006646386,"Yaron, Amir"
AMIYATOSH PURNANANDAM,6507592418,"Purnanandam, Amiyatosh K."
AMNON LEVY,57199280201,"Levy, Amnon"
AMY FINKELSTEIN,7101962367,"Finkelstein, Amy N."
ANA AIZCORBE,14023923200,"Aizcorbe, Ana M."
ANA FOSTEL,23978078400,"Fostel, Ana"
ANDERS ISAKSSON,57201540952,"Isaksson, Anders"
ANDREA EISFELDT,6503994055,"Eisfeldt, Andrea L."
ANDREAS LEHNERT,11940538200,"Lehnert, Andreas"
ANDREI LEVCHENKO,35960015300,"Levchenko, Andrei A."
ANDRES VELASCO,13204605100,"Velasco, Andrés M."
ANDREW ABEL,7004484373,"Abel, Andrew B."
ANDREW ANG,7005490343,"Ang, Andrew"
ANDREW HAUGHWOUT,6603320180,"Haughwout, Andrew F."
ANDREW LO,7102780696,"Lo, Andrew"
ANDREW METRICK,6602077254,"Metrick, Andrew"
ANDREW ROSE,7201500230,"Rose, Andrew K."
ANDY ABEL,7004484373,"Abel, Andrew B."
ANIL KASHYAP,7101878064,"Kashyap, Anil K."
ANJAN THAKOR,6701596295,"Thakor, Anjan V."
ANNA PAVLOVA,23973413200,"Pavlova, Anna"
ANNETTE VISSING JORGENSEN,6506433914,"Vissing-Jørgensen, Annette"
ANNETTE VISSING JORGENSON,6506433914,"Vissing-Jørgensen, Annette"
ANNETTE VISSING-JORGENSEN,6506433914,"Vissing-Jørgensen, Annette"
ANNETTE VISSING-JORGENSON,6506433914,"Vissing-Jørgensen, Annette"
ANTOINETTE SCHOAR,6505814876,"Schoar, Antoinette"
ANTON KORINEK,14060479200,"Korinek, Anton"
ANUSHA CHARI,24436846100,"Chari, Anusha"
ARIEL BURSTEIN,8943873200,"Burstein, Ariel Tomás"
ARIEL PAKES,7004264968,"Pakes, Ariél"
ART SENSENIG,6603785640,"Sensenig, Arthur L."
ARVIND KRISHNAMURTHY,7005516119,"Krishnamurthy, Arvind"
ATIF MIAN,24824916100,"Mian, Atif R."
AUGUSTIN LANDIER,24376751800,"Landier, Augustin"
B K ATROSTIC,8882417700,"Atrostic, Barbara Kathryn"
BARRY BOSWORTH,7005729834,"Bosworth, Barry P."
BART VAN ARK,55825060100,"Ark, Bart Van"
BELEN VILLALONGA,6506527390,"Villalonga, Belén"
BENJAMIN HERMALIN,6602431067,"Hermalin, Benjamin E."
BENJAMIN JONES,8967584300,"Jones, Benjamin F."
BENRNARD DUMAS,35808576700,"Dumas, Bernard"
BENT SORENSEN,7201532199,"Sørensen, Bent E."
BERNADETTE MINTON,6602815840,"Minton, Bernadette A."
BERNARD DUMAS,35808576700,"Dumas, Bernard"
BLAKE LEBARON,6701337045,"LeBaron, Blake D."
BOYAN JOVANOVIC,7005701459,"Jovanovic, Boyan"
BRAD BARBER,7102896501,"Barber, Brad M."
BRIAN JACOB,7102943648,"Jacob, Brian A."
BRIAN KNIGHT,56273103800,"Knight, Brian G."
BRUCE CARLIN,7006964550,"Carlin, Bruce I."
BRYAN ROUTLEDGE,6603255760,"Routledge, Bryan R."
BURTON HOLLIFIELD,56154737700,"Hollifield, Burton"
C FRITZ FOLEY,7102587835,"Foley, C. Fritz"
CAMELIA KUHNEN,8713001100,"Kuhnen, Camelia M."
CARLOS VEGH,6603477130,"Végh, Carlos A."
CAROL CORRADO,7003888244,"Corrado, Carol A."
CAROLINE HOXBY,6602597836,"Hoxby, Caroline Minter"
CEDRIC TILLE,55900238200,"Tille, Cédric"
CHAD SYVERSON,6602935589,"Syverson, Chad"
CHARLES ENGEL,7102989698,"Engel, Charles"
CHARLES HULTEN,6701610891,"Hulten, Charles R."
CHARLES JONES,55474251600,"Jones, Charles M."
CHARLIE HIMMELBEG,6602502546,"Himmelberg, Charles P."
CHARLIE KAHN,7201695946,"Kahn, Charles M."
CHESTER SPATT,6602234506,"Spatt, Chester S."
CHRIS MAYER,7202232626,"Mayer, Christopher J."
CHRIS TELMER,6602527346,"Telmer, Chris I."
CHRISTIAN BRODA,6507947601,"Broda, Christian"
CHRISTIAN JULLIARD,8241780000,"Julliard, Christian"
CHRISTOPHER CARROLL,7101866161,"Carroll, Christopher D."
CHRISTOPHER ERCEG,7801361043,"Erceg, Christopher J."
CHRISTOPHER MAYER,7202232626,"Mayer, Christopher J."
CRAIG BURNSIDE,7003584662,"Burnside, A. Craig"
CRAIG MACKINLAY,7003765162,"MacKinlay, Andrew Craig"
CRAIG PIRRONG,6602685699,"Pirrong, Craig"
DANIEL GOTTLIEB,8651681400,"Gottlieb, Daniel A."
DANIEL PARAVISINI,24825198500,"Paravisini, Daniel"
DANIEL SICHEL,6602571326,"Sichel, Daniel E."
DANIEL WOLFENZOHN,6505783203,"Wolfenzon, Daniel"
DARRELL DUFFIE,6701468567,"Duffie, J. Darrell"
DAVID BACKUS,6601996611,"Backus, David K."
DAVID BATES,7202955757,"Bates, David S."
DAVID CUTLER,7102733401,"Cutler, David M."
DAVID GENESOVE,6602941990,"Genesove, David"
DAVID JOHNSON,55699200400,"Johnson, David Scott"
DAVID MARSHALL,7402186390,"Marshall, David A."
DAVID MODEST,8631763000,"Modest, David M."
DAVID ROBINSON,8716177800,"Robinson, David T."
DAVID SCHARFSTEIN,7003408304,"Scharfstein, David S."
DEBORAH J LUCAS,7202026123,"Lucas, Deborah J."
DEBORAH LUCAS,7202026123,"Lucas, Deborah J."
DENIS GROMB,6602659594,"Gromb, Denis"
DENNIS EPPLE,6701460925,"Epple, Dennis N."
DEVIN POPE,24329697200,"Pope, Devin G."
DIMITRIS PANANIKOLAU,36451373500,"Papanikolaou, Dimitris"
DIMITRIS PAPANIKOLAOU,36451373500,"Papanikolaou, Dimitris"
DIRK JENTER,6505493534,"Jenter, Dirk"
DOUGLAS DIAMOND,7102619783,"Diamond, Douglas W."
DUANE SEPPI,6602406208,"Seppi, Duane J."
DWIGHT JAFFEE,6602991513,"Jaffee, Dwight M."
EDITH HOTCHKISS,57191402445,"Hotchkiss, Edith Shwalb"
EDUARDO LEVY-YEYATI,6508167439,"Levy Yeyati, Eduardo"
EDWARD GLAESER,7003688582,"Glaeser, Edward"
ELI BERMAN,7103036986,"Berman, Eli"
ELLEN DULBERGER,7801395719,"Dulberger, Ellen R."
EMMANUEL FARHI,23492216000,"Farhi, Emmanuel"
EMMANUEL SAEZ,7004587587,"Saez, Emmanuel"
ENRICHETTA RAVINA,17435613500,"Ravina, Enrichetta"
ENRIQUE MENDOZA,7006157135,"Mendoza, Enrique Gabriel"
ERIC ROSENGREN,7006264503,"Rosengren, Eric S."
ERIC VAN WIN COOP,6604020003,"van Wincoop, Eric"
ERIC VAN WINCOOP,6604020003,"van Wincoop, Eric"
ERIC ZITZEWITZ,8122449600,"Zitzewitz, Eric W."
ERIK HURST,6701835571,"Hurst, Erik G."
ERNST R BERNDT,7006755837,"Berndt, Ernst R."
ERWIN DIEWERT,6701690623,"Diewert, Walter Erwin"
ERZO LUTTMER,6603131574,"Luttmer, Erzo G.J."
ESWAR PRASAD,55531425000,"Prasad, Eswar S."
FABIO GHIRONI,6506962565,"Ghironi, Fabio"
FABRIZIO PERRI,7005662111,"Perri, Fabrizio"
FEDERICO STURZENEGGER,6603441642,"Sturzenegger, Federico"
FERNANDO FERREIRA,37115389700,"Ferreira, F. A.F."
FRANCESCA CORNELLI,6602218301,"Cornelli, Francesca"
FRANCISCO GOMES,8924744900,"Gomes, Francisco J."
FRANCOIS ORTALO-MAGNE,6603092424,"Ortalo-Magné, François"
FRANK DIEBOLD,23166985700,"Diebold, Francis X."
FRANK STAFFORD,55397462400,"Stafford, Frank P."
FRANK WARNOCK,6701331523,"Warnock, Francis E."
FRANKLIN ALLEN,7102515412,"Allen, Franklin"
FREDERICO BANDI,6505885011,"Bandi, Federico M."
GALINA HALE,23097817700,"Hale, Galina B."
GARY GORTON,7003433892,"Gorton, Gary B."
GAUTI EGGERTSSON,6603904420,"Eggertsson, Gauti Bergþóruson"
GEERT BEKAERT,7004114269,"Bekaert, Geert"
GEORG STRASSER,55506128600,"Strasser, Georg"
GEORGE ALESSANDRIA,8544896700,"Alessandria, George"
GEORGE CONSTANTINIDES,7006623149,"Constantinides, George M."
GEORGE PENNACCHI,6602240480,"Pennacchi, George G."
GEORGE PENNACHI,6602240480,"Pennacchi, George G."
GIAN MARIA MILESI-FERRETTI,6602186194,"Milesi-Ferretti, Gian Maria"
GIANCARLO CORSETTI,6701579737,"Corsetti, Giancarlo"
GIANNI DE NICOLO,6603377530,"De Nicoló, Gianni"
GITA GOPINATH,8716236500,"Gopinath, Gita"
GLENN ELLISON,7102425571,"Ellison, Glenn"
GORDON PHILLIPS,7401621702,"Phillips, Gordon M."
GREG DUFFEE,6602361493,"Duffee, Gregory R."
GREGOR ANDRADE,7003458167,"Andrade, Gregor"
GUIDO LORENZONI,24376641200,"Lorenzoni, Guido"
GUILLERMO ORDONEZ,52364547500,"Ordoñez, Guillermo L."
HANNO LUSTIG,22938088500,"Lustig, Hanno N."
HAYNE LELAND,7004262527,"Leland, Hayne E."
HEITOR ALMEIDA,7006030950,"Almeida, Heitor V."
HELENE REY,7005785064,"Rey, Hélène"
HENRI SERVAES,6603501917,"Servaes, Henri"
HIRO ITO,55474155100,"Ito, Hiro"
HOLGER SIEG,6602150854,"Sieg, Holger"
HUI CHEN,36623371100,"Chen, Hui"
HYUN SHIN,7404012037,"Shin, Hyun Song"
IAIN COCKBURN,7004714197,"Cockburn, Iain M."
ITAY GOLDSTEIN,8520304400,"Goldstein, Itay"
IVO WELCH,7003982192,"Welch, Ivo"
J VERNON HENDERSON,7801493347,"Henderson, J. Vernon"
JACK E TRIPLETT,7004325898,"Triplett, Jack E."
JACK TRIPLETT,7004325898,"Triplett, Jack E."
JACOB VIGDOR,6603347234,"Vigdor, Jacob L."
JAMES BRICKLEY,6701547607,"Brickley, James A."
JAN BRUECKNER,7006247659,"Brueckner, Jan K."
JANICE EBERLY,7005009452,"Eberly, Janice C."
JAY RITTER,7402315055,"Ritter, Jay R."
JEFF WURGLER,6603142772,"Wurgler, Jeffrey"
JEFF ZABEL,7006168130,"Zabel, Jeffrey E."
JEFFREY BERNSTEIN,7402304317,"Bernstein, Jeffrey I."
JEFFREY FRANKEL,7102349472,"Frankel, Jeffrey A."
JEFFREY WURGLER,6603142772,"Wurgler, Jeffrey"
JENNY MINIER,8320380400,"Minier, Jenny A."
JEREMY STEIN,7402750873,"Stein, Jeremy C."
JEREMY TOBACMAN,36929311600,"Tobacman, Jeremy"
JESSE ROTHSTEIN,7103390682,"Rothstein, Jesse M."
JESSICA WACHTER,9738184300,"Wachter, Jessica A."
JIANG WANG,7701323997,"Wang, Jiang"
JING ZHANG,56701169100,"Zhang, Jing"
JOAO GOMES,7203010992,"Gomes, João F."
JOE HAUBRICH,7003963679,"Haubrich, Joseph G."
JOHN AMERIKS,16306627900,"Ameriks, John"
JOHN BOYD,13310394600,"Boyd, John Hayden"
JOHN CAMPBELL,16446204900,"Campbell, John Y."
JOHN FERNALD,55942565700,"Fernald, John G."
JOHN HALTIWANGER,6701823402,"Haltiwanger, John C."
JOHN HEATON,7102998555,"Heaton, John C."
JOHN QUIGLEY,7102716111,"Quigley, John M."
JOHN ROGERS,7404268367,"Rogers, John H."
JON FAUST,7102700712,"Faust, Jon"
JON SKINNER,7401822050,"Skinner, Jonathan S."
JONAH ROCKOFF,8966315100,"Rockoff, Jonah E."
JONATHAN EATON,7202998173,"Eaton, Jonathan"
JONATHAN LEWELLEN,7004065954,"Lewellen, Jonathan"
JONATHAN PARKER,7404595160,"Parker, Jonathan A."
JONATHAN REUTER,12774108500,"Reuter, Jonathan"
JONATHAN SKINNER,7401822050,"Skinner, Jonathan S."
JONATHAN WRIGHT,55441644600,"Wright, Jonathan H."
JOSE-VICTOR RIOS RULL,6602989968,"Ríos-Rull, José V́ictor"
JOSEPH GAGNON,7202007188,"Gagnon, Joseph E."
JOSEPH GYOURKO,6601926430,"Gyourko, Joseph E."
JOSEPH HAUBRICH,7003963679,"Haubrich, Joseph G."
JOSEPH TRACY,7101966021,"Tracy, Joseph S."
JOSH COVAL,6602458650,"Coval, Joshua D."
JOSH LERNER,7101861907,"Lerner, Josh"
JOSH RAUH,12786115500,"Rauh, Joshua D."
JOSHUA LERNER,7101861907,"Lerner, Josh"
JOSHUA MARGOLIS,9942942700,"Margolis, Joshua D."
JOSUHA COVAL,6602458650,"Coval, Joshua D."
JUDITH CHEVALIER,57203069604,"Chevalier, Judith A."
JUDITH HELLERSTEIN,7007083052,"Hellerstein, Judith K."
JULIA THOMAS,55493188400,"Thomas, Julia K."
JULIE WULF,10138910100,"Wulf, Julie"
JULIO ROTEMBERG,6603027527,"Rotemberg, Julio J."
KAREN LEWIS,7201596918,"Lewis, Karen K."
KAREN PENCE,15833004100,"Pence, Karen M."
KARL CASE,7006340673,"Case, Karl E."
KASPER ROSZBACH,6506018801,"Roszbach, Kasper"
KEI-MU YI,36785631000,"Yi, Keimu"
KEN FROOT,6603277936,"Froot, Kenneth A."
KENNETH AYOTTE,8897867300,"Ayotte, Kenneth M."
KENNETH FLAMM,56014563600,"Flamm, Kenneth S."
KENNETH FRENCH,7006094907,"French, Kenneth R."
KENNETH FROOT,6603277936,"Froot, Kenneth A."
KENNETH J SINGLETON,7004241060,"Singleton, Kenneth J."
KENNETH ROGOFF,6701521662,"Rogoff, Kenneth S."
KENNETH SINGLETON,7004241060,"Singleton, Kenneth J."
KENT DANIEL,7006792655,"Daniel, Kent D."
KERRY BACK,7005492291,"Back, Kerry"
KEVIN COWAN,25637149400,"Cowan, Kevin N."
KEVIN J FOX,7402445113,"Fox, Kevin J."
KEVIN LANG,8104429100,"Lang, Kevin"
KEVIN STIROH,6602826287,"Stiroh, Kevin J."
LARS HANSEN,7401576349,"Hansen, Lars Peter"
LARS P HANSEN,7401576349,"Hansen, Lars Peter"
LARS SVENSSON,7201590382,"Svensson, Lars E.O."
LASSE PEDERSEN,7201717879,"Pedersen, Lasse Heje"
LAURA VELDKAMP,9133069500,"Veldkamp, Laura L."
LAUREN COHEN,36195543200,"Cohen, Lauren H."
LEONARD NAKAMURA,7005275263,"Nakamura, Leonard I."
LEONID KOGAN,7103229487,"Kogan, Leonid"
LINDA GOLDBERG,7402446305,"Goldberg, Linda S."
LINDA TESAR,6603566491,"Tesar, Linda L."
LISA LYNCH,7102232366,"Lynch, Lisa M."
LU HAN,23978049200,"Han, Lu"
LU ZHANG,55709197700,"Zhang, Lu"
LUCA BENZONI,21233610700,"Benzoni, Luca"
LUIGI ZINGALES,7004110147,"Zingales, Luigi"
LUIS VICEIRA,6602310973,"Viceira, Luis M."
LUIS VICIERA,6602310973,"Viceira, Luis M."
LUISA LAMBERTINI,7006581715,"Lambertini, Luisa"
MAISY WONG,56117067800,"Wong, Maisy"
MALCOLM BAKER,7403075430,"Baker, Malcolm P."
MANJU PURI,7005722584,"Puri, Manju"
MARIA VASSALOU,6508281208,"Vassalou, Maria"
MARIACRISTINA DE NARDI,24764534000,"de Nardi, Mariacristina"
MARIO CRUCINI,6602929281,"Crucini, Mario J."
MARK AGUIAR,23392047000,"Aguiar, Mark"
MARK CAREY,23024301500,"Carey, Mark"
MARK DUTZ,6603317918,"Dutz, Mark Andrew"
MARK FLANNERY,7103128548,"Flannery, Mark J."
MARK GARMAISE,6505799540,"Garmaise, Mark J."
MARK GERTLER,7005881414,"Gertler, Mark L."
MARK ROBERTS,57190492381,"Roberts, Mark J."
MARKUS BRUNNERMEIER,56009422500,"Brunnermeier, Markus K."
MARSHALL REINSDORF,6507219926,"Reinsdorf, Marshall B."
MARTIN BAILY,6603817930,"Baily, Martin Nell"
MARTIN EVANS,35585929500,"Evans, Martin D.D."
MARTIN LETTAU,6603944251,"Lettau, Martin"
MARTIN OEHMKE,43461799200,"Oehmke, Martin"
MARTIN SCHNEIDER,57202768608,"Schneider, Martin"
MARTIN URIBE,19336384800,"Uribe, Martín N."
MATT KAHN,7402055394,"Kahn, Matthew E."
MATT RICHARDSON,7401976575,"Richardson, Matthew P."
MATTHEW RHODES-KROPF,6507055522,"Rhodes-Kropf, Matthew"
MATTHEW RICHARDSON,7401976575,"Richardson, Matthew P."
MATTHEW SLAUGHTER,7006989788,"Slaughter, Matthew J."
MATTHIAS KAHL,7003509838,"Kahl, Matthias"
MAURICE OBSTFELD,7003941859,"Obstfeld, Maurice"
MELVYN FUSS,24439801900,"Fuss, Melvyn A."
MENZIE CHINN,7004046424,"Chinn, Menzie David"
MICHAEL BORDO,6603782012,"Bordo, Michael David"
MICHAEL BRANDT,7202973322,"Brandt, Michael W."
MICHAEL COOPER,7404407756,"Cooper, Michael J."
MICHAEL DEVEREUX,7007064657,"Devereux, Michael B."
MICHAEL DOOLEY,7102972123,"Dooley, Michael P."
MICHAEL GIBSON,7202146134,"Gibson, Michael S."
MICHAEL HARPER,8044559500,"Harper, Michael J."
MICHAEL HORRIGAN,6602911719,"Horrigan, Michael"
MICHAEL KLEIN,15731445100,"Klein, Michael W."
MICHAEL LORETAN,6505985614,"Loretan, Mico"
MICHAEL ROBERTS,56327374500,"Roberts, Michael R."
MICHAEL WEISBACH,6603579570,"Weisbach, Michael S."
MICK DEVEREUX,7007064657,"Devereux, Michael B."
MIHIR DESAI,7201841055,"Desai, Mihir A."
MIKE HARPER,8044559500,"Harper, Michael J."
MING HUANG,22961980500,"Huang, Ming"
MITCH PETERSEN,7202846223,"Petersen, Mitchell A."
MITCHELL PETERSEN,7202846223,"Petersen, Mitchell A."
MONICA SINGHAL,23486887800,"Singhal, Monica"
MONIKA PIAZZESI,6506641986,"Piazzesi, Monika"
MORRIS DAVIS,22979039200,"Davis, Morris A."
MOTOHIRO YOGO,23037784200,"Yogo, Motohiro"
MURILLO CAMPELLO,6603697614,"Campello, Murillo"
NAN LI,56037328500,"Li, Nan"
NANCY WALLACE,56224163300,"Wallace, Nancy E."
NARAYANA KOCHERLAKOTA,6701606939,"Kocherlakota, Narayana R."
NATHANIEL BAUM-SNOW,22133551000,"Baum-Snow, Nathaniel"
NELSON MARK,6701710674,"Mark, Nelson C."
NENG WANG,55467215200,"Wang, Neng"
NICHOLAS BARBERIS,56067979000,"Barberis, Nicholas C."
NICHOLAS BLOOM,55147487400,"Bloom, Nicholas"
NICHOLAS SOULELES,55893152500,"Souleles, Nicholas S."
NICK SOULELES,55893152500,"Souleles, Nicholas S."
NICOLA CETORELLI,56556826300,"Cetorelli, Nicola"
NICOLAE GARLEANU,6508204775,"Gârleanu, Nicolae"
NIKOLAI ROUSSANOV,26634260200,"Roussanov, Nikolai"
NOURIEL ROUBINI,6602144540,"Roubini, Nouriel"
OLEG ITSKHOKI,36015296600,"Itskhoki, Oleg"
OLIVIER JEANNE,55898985800,"Jeanne, Olivier"
ORAZIO ATTANASIO,6603862452,"Attanasio, Orazio P."
OWEN LAMONT,6701568246,"Lamont, Owen A."
P MARCELO OVIEDO,55245909000,"Oviedo, P. Marcelo"
PABLO KURLAT,55769243500,"Kurlat, Pablo"
PAOLA SAPIENZA,7004926273,"Sapienza, Paola"
PAOLO FULGHIERI,6603102424,"Fulghieri, Paolo"
PAOLO PESENTI,7003275699,"Pesenti, Paolo"
PARAG PATHAK,8883731500,"Pathak, Parag A."
PATRICK BAYER,22833332800,"Bayer, Patrick J."
PAUL BERGIN,7003289718,"Bergin, Paul R."
PAUL SCHREYER,16302425500,"Schreyer, Paul"
PAUL WILLEN,16403994600,"Willen, Paul S."
PAVEL SAVOR,36710713400,"Savor, Pavel G."
PER STROMBERG,7006215397,"StrÖmberg, Per"
PETER DIAMOND,7102763125,"Diamond, Peter A."
PHILIP E STRAHAN,6701621055,"Strahan, Philip E."
PHILIP LANE,7202980403,"Lane, Philip R."
PHILIP STRAHAN,6701621055,"Strahan, Philip E."
PHILIPPE BACCHETTA,6701920051,"Bacchetta, Philippe"
PHILIPPE MARTIN,55900337400,"Martin, Philippe"
PIERPAOLO BENIGNO,6507256174,"Benigno, Pierpaolo"
PIERRE AZOULAY,14065735100,"Azoulay, Pierre"
PIERRE COLLIN-DUFRESNE,6603409344,"Collin-Dufresne, Pierre"
PIERRE-OLIVIER GOURINCHAS,6505868404,"Gourinchas, Pierre Olivier"
PING HE,36138563300,"He, Ping"
R GLENN HUBBARD,7202298683,"Hubbard, R. Glenn"
RALPH KOIJEN,26635498500,"Koijen, Ralph S.J."
RANDALL MORCK,6603869069,"Morck, Randall K."
RAOUL MINETTI,7004025667,"Minetti, Raoul"
RATNA SAHAY,7003683626,"Sahay, Ratna"
RAVI BANSAL,12772232000,"Bansal, Ravi"
RAY FISMAN,6602490477,"Fisman, Raymond J."
RAYMOND FISMAN,6602490477,"Fisman, Raymond J."
RICARDO CABALLERO,7006328109,"Caballero, Ricardo J."
RICARDO REIS,8622256800,"Reis, Ricardo"
RICHARD CLARIDA,6701569716,"Clarida, Richard H."
RICHARD GREEN,7403917219,"Green, Richard C."
RICHARD LEVICH,6507310217,"Levich, Richard M."
RICHARD LYONS,35496364300,"Lyons, Richard K."
RICHARD MARSTON,7005702132,"Marston, Richard C."
RICHARD PORTES,6602759166,"Portes, Richard D."
RICHARD ROGERSON,7003812265,"Rogerson, Richard"
RICK GREEN,7403917219,"Green, Richard C."
ROBERT CHIRINKO,6603571764,"Chirinko, Robert S."
ROBERT FLOOD,7006012090,"Flood, Robert P."
ROBERT GERTNER,8147711800,"Gertner, Robert H."
ROBERT GOLDSTEIN,7403010545,"Goldstein, Robert S."
ROBERT GORDON,35357903200,"Gordon, Robert J."
ROBERT HUNT,36195358800,"Hunt, Robert M."
ROBERT INMAN,7103228992,"Inman, Robert P."
ROBERT J GORDON,35357903200,"Gordon, Robert J."
ROBERT MCCLELLAND,7101803905,"McClelland, Robert B."
ROBERT MCDONALD,7401840910,"McDonald, Robert L."
ROBERT NOVY-MARX,21733328700,"Novy-Marx, Robert"
ROBERT SHILLER,6701603939,"Shiller, Robert J."
ROBERT STAMBAUGH,7006465007,"Stambaugh, Robert F."
ROBERTA ROMANO,8672380500,"Romano, Roberta"
ROBERTO CHANG,7403713601,"Chang, Roberto"
ROBERTO RIGOBON,6602429118,"Rigobón, Roberto"
ROBERTON WILLIAMS,55495815300,"Williams, Roberton"
ROBIN GREENWOOD,7202083980,"Greenwood, Robin M."
ROGER GORDON,7402754623,"Gordon, Roger H."
ROSANNE ALTSHULER,6602099638,"Altshuler, Rosanne"
ROSS LEVINE,23080621700,"Levine, Ross L."
RUSSELL COOPER,7404338428,"Cooper, Russell W."
SANDRA BLACK,8450457100,"Black, Sandra E."
SANJIV DAS,55446106100,"Das, Sanjiv Ranjan"
SATYAJIT CHATTERJEE,7402749596,"Chatterjee, Satyajit"
SCOTT JOSLIN,36977188800,"Joslin, Scott"
SEAN NICHOLSON,7101734232,"Nicholson, Sean Ph D."
SEBNEM KALEMLI-OZCAN,7801632189,"Kalemli-Özcan, Şebnem"
SENDHIL MULLAINATHAN,6603277860,"Mullainathan, Sendhil"
SHANE GREENSTEIN,7005620197,"Greenstein, Shane Mitchell"
SHANG-JIN WEI,7401765384,"Wei, Shang Jin"
SHAWN COLE,11239173800,"Cole, Shawn A."
SHERIDAN TITMAN,7003382478,"Titman, Sheridan D."
SIMON JOHNSON,7406326915,"Johnson, Simon"
SKANDER VAN DEN HEUVEL,23480627400,"van den Heuvel, Skander J."
STANLEY ZIN,8850820200,"Zin, Stanley E."
STEPHAN MEIER,56221488200,"Meier, Stephan"
STEPHANIE SCHMITT-GROHE,6701711758,"Schmitt-Grohé, Stephanie"
STEPHEN BROWN,55489559900,"Brown, Stephen J.C."
STEPHEN OLINER,6603173284,"Oliner, Stephen D."
STEPHEN SHORE,36195742600,"Shore, Stephen H."
STEVE BOND,7101790332,"Bond, Stephen R."
STEVEN KAPLAN,57202344470,"Kaplan, Steven N."
STEVEN ZELDES,6505875912,"Zeldes, Stephen P."
STIJN CLAESSENS,7003997117,"Claessens, Stijn"
STUART ROSENTHAL,7202208577,"Rosenthal, Stuart S."
SUSAN COLLINS,7402535503,"Collins, Susan M."
SUSAN HOUSEMAN,8447703800,"Houseman, Susan N."
SUSAN WOODWARD,36451586800,"Woodward, Susan E."
SUSANTO BASU,7403656319,"Basu, Susanto"
SYDNEY LUDVIGSON,6602544953,"Ludvigson, Sydney C."
SYDNEY LUDVIGSSON,6602544953,"Ludvigson, Sydney C."
TAKEO HOSHI,24404734500,"Hoshi, Takeo"
TAREK HARCHAOUI,55947684100,"Harchaoui, Tarek M."
THOMAS DAVIDOFF,12805621200,"Davidoff, Thomas"
THOMAS NECHYBA,6603663191,"Nechyba, Thomas J."
THOMAS PHILIPPON,23013052900,"Philippon, Thomas"
TIL SCHUERMANN,6603047433,"Schuermann, Til"
TIMOTHY SMEEDING,6701450632,"Smeeding, Timothy M.Tim"
TOBIAS ADRIAN,7103082117,"Adrian, Tobias"
TOBIAS MOSKOWITZ,6603245402,"Moskowitz, Tobias J."
TODD SINAI,6603486284,"Sinai, Todd"
TOMAS DVORAK,36927421500,"Dvořák, Tomáš"
TOMASZ PISKORSKI,6506784723,"Piskorski, Tomasz"
TONI WHITED,6602669176,"Whited, Toni M."
TORBEN ANDERSEN,7201524371,"Andersen, Torben G."
ULRIKE MALMENDIER,17342742600,"Malmendier, Ulrike"
URBAN JERMANN,6602317029,"Jermann, Urban J."
VALERIE RAMEY,10339832500,"Ramey, Valerie A."
VALERY POLKOVNICHENKO,55896944200,"Polkovnichenko, Valery"
VERNON HENDERSON,7801493347,"Henderson, J. Vernon"
VICTORIA IVASHINA,26323576100,"Ivashina, Victoria"
VICTORIA IVASINA,26323576100,"Ivashina, Victoria"
VINAY NAIR,9634803000,"Nair, Vinay B."
VINCENZO QUADRINI,6603158120,"Quadrini, Vincenzo"
VIRAL ACHARYA,7005203497,"Acharya, Viral V."
W ERWIN DIEWERT,6701690623,"Diewert, Walter Erwin"
WALTER TOROUS,6507294106,"Torous, Walter N."
WAYNE FERSON,6603889672,"Ferson, Wayne E."
WAYNE GUAY,56069219500,"Guay, Wayne R."
WEI XIONG,56662704700,"Xiong, Wei"
WILL GOETZMANN,57193483322,"Goetzmann, William Nelson"
WILL STRANGE,7006715604,"Strange, William C."
WILLIAM GOETZMANN,57193483322,"Goetzmann, William Nelson"
WILLIAM STRANGE,7006715604,"Strange, William C."
WILLIAM WASCHER,6603290283,"Wascher, William L."
WILLIAM WHEATON,7004513266,"Wheaton, William C."
YU-CHIN CHEN,25421210200,"Chen, Yungching"
YURIY GORODNICHENKO,8567095900,"Gorodnichenko, Yuriy"
